College Name,Total Sanctioned Intake(Nt),Total Actual Students(Ne),Total Ph.D Students(Np),N,Total Faculties,CE_2021-22,CE_2020-21,CE_2019-20,OE_2021-22,OE_2020-21,OE_2019-20,Total Capital Expenditure(BC),Total Operational Expenditure(BO),FSR_cal,FRU_cal,SS_tv(20),FSR_tv(30),FQE_tv(20),FRU_tv(30),TLR_tv(100),PU_tv(35),QP_tv(40),IPR_tv(15),FPPP_tv(10),RP_tv(100),GPH_tv(40),GUE_tv(15),MS_tv(25),GPHD_tv(20),GO_tv(100),RD_tv(30),WD_tv(30),ESCS_tv(20),PCS_tv(20),OI_tv(100),PR_tv(100),Score_tv(100)
Aligarh Muslim UniversityMore DetailsClose ,2101,2432,263,2364,233,7504.101380295097,8406.596858638743,10791.56068538791,515554.36458829127,340548.5249881009,467314.8810090433,8900.752974773917,441139.25686181185,30.0,22.20333461091584,11.00,30.00,16.17,12.90,70.07000000000001,24.95,25.86,7.00,2.03,59.84,29.42,12.61,1143,5.66,1190.69,5.38,11.59,3.23,20.00,40.2,24.51,283.58200000000005
Amity University Haryana,950,933,275,1225,127,1426.2747368421053,956.8473684210526,3587.178947368421,163486.7957894737,168090.5347368421,182371.60842105263,1990.1003508771928,171316.31298245615,30.0,22.327753026047905,7.89,30.00,19.07,7.19,64.15,7.37,9.42,4.00,0.94,21.73,19.08,15.00,9.24,1.98,45.3,26.12,2.83,20.00,7.93,56.88,7.93,41.30500000000001
Amity UniversityMore DetailsClose ,6450,5970,989,7439,507,1908.053488372093,1607.7210852713179,3857.6551937984495,260821.60062015505,214078.54914728683,275471.69627906976,2457.80992248062,250123.94868217054,30.0,22.354038751488325,15.50,27.54,14.73,8.52,66.28999999999999,24.90,24.96,11.00,0.61,61.47,27.37,15.00,10.18,5.73,58.28,15.99,23.28,0.16,20.00,59.43,13.75,57.30199999999999
Amrita Vishwa VidyapeethamMore DetailsClose ,12321,12543,979,13300,1087,38972.3896599302,14652.000568135703,6769.855855855856,251042.63688012338,150786.4124665206,158866.50531612695,20131.415361307256,186898.5182209236,30.0,21.041412706874738,18.00,30.00,18.21,10.22,76.43,23.06,21.55,8.00,1.94,54.55,34.36,15.00,10.21,2.28,61.85,17.66,21.95,5.44,20.00,65.05,33.77,61.54600000000001
Anna UniversityMore DetailsClose ,12822,10763,1675,14497,888,22594.99641241616,39451.23350491343,33709.19965683981,226387.00608329434,194508.78365309624,211778.72664170957,31918.476524723133,210891.50545936672,27.56432365316962,20.52818177424757,17.59,23.20,13.15,9.98,63.92,27.40,32.94,12.00,2.14,74.48,21.60,14.37,11.72,12.25,59.94,0.59,25.29,4.14,20.00,50.019999999999996,65.50,65.06
Atal Bihari Vajpayee Indian Institute of Information Technology and ManagementMore DetailsClose ,948,937,51,999,46,26370.604430379746,21668.189873417723,25232.4694092827,276552.30274261604,270463.0253164557,290662.864978903,24423.754571026722,279226.0643459916,20.72072072072072,21.293490739194155,643,2039,1431,1142,5255.0,942,1054,0.00,0.86,1996.86,3683,15.00,2140,141,5979.0,2210,1254,344,2000,5808.0,6.60,3952.818
AU College of Engineering (A)More DetailsClose ,3194,3194,308,3502,221,171122.62116468378,173147.63431433938,181512.22510958047,264269.32999373827,217448.54571070758,174601.67971195994,175260.82686286786,218773.18513880193,28.398058252427184,15.828209436570472,12.50,20.56,11.69,14.42,59.17,4.13,4.52,3.00,1.33,12.979999999999999,38.72,15.00,11.16,7.19,72.07,2.51,28.10,6.19,20.00,56.8,5.92,42.330999999999996
Banasthali VidyapithMore DetailsClose ,4044,3197,202,4246,276,18335.373145400594,21946.304896142432,21550.094708209694,174792.01360039564,159093.83382789316,152741.93348170127,20610.59091658424,162209.26030333003,29.251059821008006,20.808942591924133,11.49,27.77,16.58,8.58,64.42,7.86,10.59,2.00,0.81,21.259999999999998,36.89,15.00,12.41,8.23,72.53,30.00,449,20.00,4.16,503.16,4.16,90.94200000000001
Birla Institute of Technology  & Science -PilaniMore DetailsClose ,12475,12340,709,13184,655,31588.716472945893,28325.735310621243,63159.52849699399,278869.8914629259,235911.60577154308,228693.00609218437,41024.660093520375,247824.83444221775,22.356644417475728,20.36958290374758,18.84,20.20,13.36,11.77,64.17,21.38,26.68,4.00,0.81,52.870000000000005,36.98,15.00,19.66,6.76,78.4,19.93,14.43,0.02,20.00,54.38,32.88,59.518
Birla Institute of TechnologyMore DetailsClose ,3668,3325,337,4005,279,30215.702017448202,21870.534351145037,41045.99372955289,290803.2813522355,227483.77589967285,232341.0038167939,31044.076699382043,250209.35368956742,30.0,20.844336103396994,12.52,27.61,16.44,11.19,67.75999999999999,17.80,17.36,0.50,1.35,37.01,25.77,13.74,15.13,4.92,59.56,1149,18.90,1.01,20.00,1188.91,22.01,164.435
C.V. Raman Global University,5286,4815,208,5494,427,10296.54824063564,7003.74252743095,5488.490541051835,214809.17499054104,146510.31498297388,119367.91108588724,7596.260436372809,160229.13368646742,30.0,21.821056821340218,14.30,29.13,16.74,9.62,69.79,0.49,1.84,3.00,0.37,5.7,32.59,15.00,10.45,0.23,58.27,17.90,2641,5.64,20.00,2684.54,6.26,303.381
Chandigarh UniversityMore DetailsClose ,13366,13322,710,14076,1009,23260.685769863834,20978.159509202455,15723.715995810266,199177.26395331437,186807.4662576687,179224.85567858745,19987.52042495885,188403.1952965235,30.0,21.061294799836055,18.95,30.00,16.64,10.11,75.7,841,13.28,9.00,0.35,863.63,23.69,15.00,12.56,7.94,59.19,25.00,30.00,4.56,20.00,79.56,33.77,304.97
Chitkara  UniversityMore DetailsClose ,7128,7091,285,7413,555,2330.429152637486,2363.9269079685746,3520.0088383838383,178005.55695847364,157798.61728395062,140627.84806397307,2738.121632996633,158810.67410213244,30.0,22.24576211287709,18.95,30.00,16.64,10.11,75.7,841,13.28,9.00,0.35,863.63,23.69,15.00,12.56,7.94,59.19,25.00,30.00,4.56,20.00,79.56,22.25,303.81800000000004
College of Engineering,3438,3717,259,3697,266,32279.231820826062,18775.735892961024,7870.7897033158815,371292.4447353112,314758.5596276905,276775.68179173936,19641.919139034322,320942.22871824703,30.0,21.63493100328035,11.50,26.88,13.35,13.77,65.5,8.12,7.10,5.00,2.40,22.619999999999997,35.25,15.00,14.90,1.73,66.88000000000001,2.13,23.99,5.50,20.00,51.62,19.10,46.884
Defence Institute of Advanced TechnologyMore DetailsClose ,818,546,140,958,67,120879.2738386308,99242.35330073349,96595.55745721271,443046.9168704157,314109.5134474328,331352.65036674816,105572.39486552568,362836.3602281989,30.0,19.119222194798592,5.00,29.46,18.12,16.45,69.03,15.06,15.41,5.00,6.30,41.769999999999996,20.74,9.87,20.82,2.62,54.05,14.14,24.02,0.00,20.00,58.16,2.69,50.135
Delhi Technological UniversityMore DetailsClose ,10464,10397,1359,11823,862,13078.935301987767,14793.212633792049,17405.129587155963,223586.3356269113,202971.57052752294,207664.60932721713,15092.425840978594,211407.50516055047,30.0,21.50050129545889,1890,3000,1196,957,7043.0,1833,2147,0.50,083,4063.5,36.74,15.00,1744,509,2304.74,1424,1960,319,2000,5703.0,43.22,4367.5199999999995
Dr. B R Ambedkar National Institute of Technology,5259,4906,551,5810,398,18112.11580148317,19928.563985548582,14621.833048108005,206115.12435824302,176067.4316409964,179469.4472333143,17554.170945046586,187217.33441085124,30.0,21.2141152099358,15.59,29.21,13.96,9.23,67.99,14.88,18.38,3.00,0.50,36.76,25.83,15.00,13.59,6.44,60.86,14.24,25.14,8.38,20.00,67.76,24.73,52.846
Graphic Era UniversityMore DetailsClose ,4524,4546,255,4779,278,76302.608311229,50279.39876215738,34106.650751547306,218932.0939434129,184459.96949602122,125781.8023872679,53562.885941644556,176391.28860890068,26.17702448210923,19.006072174184137,14.00,25.40,14.15,10.55,64.1,9.58,12.29,10.00,0.26,32.129999999999995,24.51,15.00,11.18,3.06,53.75000000000001,19.92,28.19,0.43,20.00,68.53999999999999,31.23,49.59599999999999
Guru Gobind Singh Indraprastha UniversityMore DetailsClose ,1425,1565,251,1676,93,32421.77754385965,35699.83438596491,10043.249824561404,188535.19087719297,166289.3207017544,68022.17192982456,26054.953918128656,140948.894502924,24.970167064439142,20.159788606867444,950,2398,1384,801,5533.0,1684,1566,050,0.70,3300.7,2395,1500,1404,327,5626.0,623,21410,121,1800,23954.0,17.04,6172.413999999999
Indian Institute of Engineering Science and Technology,3624,3258,829,4453,274,29499.794150110374,23164.990342163357,65707.96357615895,435150.8264348786,334761.6150662252,348368.61065121414,39457.58268947756,372760.3507174393,27.689198293285425,21.06419701236552,13.44,22.64,14.55,12.83,63.459999999999994,20.81,20.29,3.00,1.58,45.67999999999999,32.35,14.88,13.52,10.72,71.47,11.94,17.14,9.83,20.00,58.91,31.97,56.12399999999999
Indian Institute of Information Technology AllahabadMore DetailsClose ,2103,1958,236,2339,79,13889.681407513077,16987.16119828816,16946.742748454588,203224.09938183546,155897.28958630527,202764.86400380408,15941.195118085274,187295.41765731495,15.19880290722531,21.323450541189978,10.38,15.27,10.46,8.90,45.01,945,10.23,1.50,0.75,957.48,34.25,15.00,23.23,4.84,77.32000000000001,17.66,12.36,3.61,20.00,53.63,23.85,323.95899999999995
Indian Institute of Space Science and TechnologyMore DetailsClose ,939,813,264,1203,101,97457.88072417465,58057.589989350374,116800.8381256656,767175.1139510117,647144.0223642172,786435.8732694356,90772.10294639687,733585.0031948881,30.0,20.848311024369824,7.19,30.00,16.85,19.03,73.07,11.10,10.45,2.00,0.89,24.439999999999998,30.33,13.86,16.27,2.95,63.41,19.62,17.72,4.38,20.00,61.720000000000006,39.39,52.046
Indian Institute of Technology,1114,1088,218,1332,116,134135.66786355476,68470.12208258528,172100.69389587073,517974.76481149014,486824.0780969479,415580.37253141834,124902.16128067026,473459.7384799521,30.0,19.368897535154616,9.32,30.00,17.17,19.00,75.49000000000001,6.54,8.80,0.50,2.65,18.49,30.88,15.00,16.45,0.38,62.71,16.22,12.23,9.70,20.00,58.15,32.52,49.803000000000004
Indian Institute of Technology (Banaras Hindu University) VaranasiMore DetailsClose ,7024,6141,1016,8040,365,32967.58171981777,28807.21782460137,22935.705153758543,437342.89407744876,383105.5848519362,448344.99644077447,28236.834899392557,422931.15845671983,20.42910447761194,21.561208840768604,16.80,17.70,12.35,14.27,61.120000000000005,23.48,27.98,6.00,2.56,60.02,35.44,15.00,20.27,11.51,82.22,16.77,10.22,9.17,20.00,56.160000000000004,53.31,63.733000000000004
Indian Institute of Technology (Indian School of Mines)More DetailsClose ,5826,4747,1512,7338,392,71106.1979059389,81619.8280123584,48584.14675592173,418133.9773429454,420745.9450738071,468287.575866804,67103.39089140634,435722.4994278521,24.039247751430906,20.498211940256283,15.00,2148,14.70,15.19,2192.89,26.91,30.33,4.00,2.35,63.589999999999996,31.15,12.64,17.91,11.22,72.92,19.16,10.32,7.76,20.00,57.24,30.85,700.337
Indian Institute of Technology BhilaiMore DetailsClose ,681,634,86,767,62,228866.59324522762,387263.9574155653,111200.31718061674,488556.9735682819,348346.86930983845,380722.19970631425,242443.62261380322,405875.3475281449,30.0,16.890640245478536,6.59,30.00,16.83,19.67,73.09,4.72,6.11,0.00,2.71,13.54,32.56,15.00,17.39,0.59,65.54,23.08,8.99,7.22,20.00,59.29,8.26,45.852000000000004
Indian Institute of Technology BhubaneswarMore DetailsClose ,2302,2033,419,2721,131,77881.48132059078,50868.468288444834,74952.84448305822,423775.8019113814,386484.7980017376,374821.52693310165,67900.93136403128,395027.3756154069,21.664829106945977,20.299845126978358,10.95,20.18,13.92,15.30,60.349999999999994,15.66,16.86,2.00,2.82,37.339999999999996,33.73,15.00,19.01,641,708.74,21.19,10.00,6.48,20.00,57.67,24.95,179.317
Indian Institute of Technology BombayMore DetailsClose ,7403,8444,4048,11451,719,166761.81102255842,165353.0561934351,214677.5089828448,1053417.7756315006,881077.9128731595,956531.9265162771,182264.12539961276,963675.8716736458,28.255174220592085,20.11421899228864,18.50,24.00,16.09,20.53,79.12,31.50,34.40,15.00,7.04,87.94000000000001,31.34,13.89,19.50,17.20,81.93,19.03,13.46,441,20.00,493.49,85.36,124.38900000000001
Indian Institute of Technology DelhiMore DetailsClose ,7639,7597,3744,11383,919,334641.83060610027,231048.38604529388,261436.5534755858,989835.5804424663,921317.7212985993,869537.4452153423,275708.92337566,926896.9156521359,30.0,19.061106127691673,18.43,26.20,17.05,23.21,84.88999999999999,34.09,38.72,15.00,6.94,94.75,33.59,13.50,21.18,16.73,85.00000000000001,22.94,16.65,8.33,20.00,67.92,94.07,87.091
Indian Institute Of Technology DharwadMore DetailsClose ,651,739,79,730,66,75602.26728110599,47279.11674347158,36388.21812596006,375330.98924731184,330096.03225806454,291041.623655914,53089.867383512545,332156.2150537635,30.0,20.43288485709041,7.00,26.51,14.75,16.59,64.85000000000001,5.23,7.30,0.00,2.63,15.16,26.67,15.00,15.54,0.15,57.36,22.81,13.89,2.47,0.00,39.17,29.69,42.361000000000004
Indian Institute of Technology GandhinagarMore DetailsClose ,969,986,508,1477,108,400672.63157894736,356559.67182662536,366849.45098039217,1344258.3415892674,1128955.2435500517,1226205.9896800825,374693.918128655,1233139.8582731339,30.0,19.0043595585435,10.00,30.00,19.48,23.32,82.80000000000001,18.05,16.61,2.00,6.19,42.849999999999994,29.68,14.57,16.71,791,851.96,21.18,20.24,4.71,20.00,66.13,35.84,218.28400000000002
Indian Institute of Technology GuwahatiMore DetailsClose ,5176,5567,2621,7797,506,84469.36843122102,112732.25772797527,65376.39412673879,464978.28593508503,617367.2550231839,607017.6883693972,87526.00676197837,563121.0764425553,29.20353982300885,20.48217784215139,18.50,20.99,12.01,16.20,67.69999999999999,28.74,30.97,10.00,5.29,75.0,32.31,15.00,22.09,15.61,85.01,22.60,11.40,0.95,20.00,54.95,50.09,70.316
Indian Institute of Technology HyderabadMore DetailsClose ,2291,2203,728,3019,291,173043.72501091225,182879.25578350064,246085.55434308163,1096858.6887821911,675229.7036228721,678288.4945438673,200669.51171249818,816792.2956496435,30.0,19.541616054865717,12.65,30.00,18.32,22.89,83.86,24.53,24.25,7.00,5.35,61.13,31.37,15.00,21.12,8.43,75.92000000000002,17.08,15.41,3.46,20.00,55.949999999999996,60.04,70.28000000000002
Indian Institute of Technology IndoreMore DetailsClose ,1790,1643,547,2337,205,81263.6625698324,103592.89162011174,91919.76368715084,562201.4675977654,520456.23296089383,537217.4027932961,92258.77262569833,539958.3677839851,30.0,20.31106600733934,1088,2999,17.79,1723,5827.79,2555,2630,500,404,6089.0,2747,15.00,2037,984,5783.0,1996,1381,5.76,20.00,3402.76,24.73,5074.386
Indian Institute of Technology JammuMore DetailsClose ,1028,833,195,1223,101,109750.98540856031,508853.54182879376,151708.48832684825,486477.93482490274,392039.84046692605,328397.576848249,256771.00518806744,402305.1173800259,30.0,16.656114982874257,8.08,30.00,1694,1960,3692.08,7.73,1046,0.00,333,1386.73,2538,691452,1720,0.23,695710.23,19.91,1130,5.35,20.00,1175.26,22.01,140785.41600000003
Indian Institute of Technology JodhpurMore DetailsClose ,1954,1835,640,2594,218,218834.68833162743,156589.04810644832,130930.5747185261,847652.5829068577,675895.7666325486,515829.011258956,168784.77038553395,679792.4535994541,30.0,19.516451202998823,11.04,30.00,18.58,21.34,80.96,15.51,16.58,1.50,4.64,38.23,35.69,15.00,18.42,3.97,73.08,19.01,20.42,5.42,20.00,64.85000000000001,11.70,58.028
Indian Institute of Technology KanpurMore DetailsClose ,5866,5871,2170,8036,572,136430.77054210706,177278.89532901466,142991.30583020797,1212178.997613365,1209907.9440845551,1183055.233549267,152233.65723377655,1201714.058415729,30.0,20.81344679553507,18.50,25.29,17.36,23.20,84.35,28.45,30.39,14.00,7.32,80.16,36.04,15.00,21.93,16.02,88.99,19.94,11.35,7.53,20.00,58.82,76.15,80.648
Indian Institute of Technology KharagpurMore DetailsClose ,11598,10392,3534,15132,769,40284.70184514571,27203.70994999138,38934.6606311433,450964.23866183823,465771.43740300054,518280.70193136745,35474.3574754268,478338.79266540206,22.86875495638382,21.46437963492068,18.45,20.07,14.03,14.71,67.25999999999999,30.59,37.26,8.00,2.44,78.28999999999999,31.21,13.14,20.33,20.00,84.68,19.62,10.55,5.88,20.00,56.050000000000004,75.51,73.757
Indian Institute of Technology MadrasMore DetailsClose ,6001,6643,2435,8436,684,790784.8440259957,280784.9028495251,341116.0103316114,2342811.427428762,1702136.2087985335,1627392.1614730877,470895.25240237743,1890779.9325667943,30.0,19.509144682134657,18.50,30.00,17.30,29.40,95.19999999999999,35.00,36.41,15.00,10.00,96.41,28.54,14.60,20.00,16.75,79.89,21.29,14.11,7.86,20.00,63.26,100.00,89.78699999999998
Indian Institute of Technology MandiMore DetailsClose ,1881,1564,497,2378,173,38656.00372142477,68294.884635832,94222.53854332802,507765.62519936205,427616.71079213184,418918.56087187666,67057.8089668616,451433.6322877902,30.0,20.560012076440618,9.24,22.26,15.21,15.92,62.63,17.72,18.13,4.00,2.62,42.46999999999999,37.04,13.57,21.25,745,816.86,20.74,16.29,9.31,20.00,66.34,24.73,204.00900000000001
Indian Institute of Technology PalakkadMore DetailsClose ,908,842,138,1046,110,132968.62995594714,136003.41850220264,101814.5396475771,401856.5803964758,334840.5473568282,285793.2621145375,123595.52936857563,340830.12995594717,30.0,18.508116900291295,7.56,30.00,16.47,17.94,71.97,6.78,7.86,0.00,2.86,17.5,29.88,15.00,16.15,0.15,61.17999999999999,19.94,21.24,4.79,20.00,65.97,21.78,47.852
Indian Institute of Technology PatnaMore DetailsClose ,1857,1730,679,2536,126,229448.47549811524,53549.669897684435,102622.58642972536,513342.18793753366,424998.8056004308,423671.8497576737,128540.24394184168,454004.28109854605,22.358044164037857,19.190203793445743,10.99,1784,1184,1627,4605.99,2235,2230,300,3.75,4768.75,3046,1368,19.77,834,5267.77,1876,1037,7.02,2000,4920.02,24.73,4360.451
Indian Institute of Technology RoorkeeMore DetailsClose ,6469,6043,2667,9136,578,156919.43530684806,116471.48461895193,134858.3757922399,670668.8265574278,535235.9927345803,564117.8092440872,136083.09857267997,590007.5428453651,28.469789842381786,19.68871672191825,17.61,23.70,15.50,17.74,74.55,29.63,34.04,10.00,4.68,78.35,37.59,15.00,20.78,15.54,88.91,23.08,11.96,5.38,20.00,60.42,59.37,75.631
Indian Institute of Technology RoparMore DetailsClose ,1923,1807,737,2660,170,112199.25377015081,204239.60114404577,246005.52990119605,630544.3660946438,649588.9791991679,551982.9667186687,187481.46160513087,610705.4373374935,28.7593984962406,18.976737556326253,11.05,28.28,18.13,19.81,77.27,17.96,18.73,4.00,3.84,44.53,31.57,15.00,18.96,5.54,71.07000000000001,22.29,14.74,791,20.00,848.03,32.70,138.82700000000003
Indraprastha Institute of Information Technology DelhiMore DetailsClose ,2493,2331,258,2751,132,23703.933814681106,16364.850381066988,12295.152827918171,263110.8046530285,296747.10348977137,275544.23024468514,17454.64567455542,278467.379462495,21.59214830970556,21.615240965936636,11.42,16.85,1148,12.24,1188.51,16.35,16.00,1.00,3.33,36.68,31.51,15.00,20.00,3.38,69.89,10.56,16.10,0.67,20.00,47.330000000000005,12.59,387.52700000000004
Institute of Chemical TechnologyMore DetailsClose ,2094,2051,307,2401,182,93337.5611270296,86686.43266475644,173577.06494746896,431208.7788920726,376123.14613180514,419757.06685768865,117867.01957975168,409029.66396052216,30.0,19.14449341032693,10.82,26.74,18.02,17.36,72.94,17.54,19.84,14.00,4.93,56.309999999999995,30.76,15.00,13.54,9.70,69.0,7.65,24.91,1.10,20.00,53.660000000000004,17.57,59.697999999999986
International Institute of Information Technology BangaloreMore DetailsClose ,960,905,86,1046,63,14447.952083333334,11038.0125,16210.044791666667,1747454.0885416667,1715486.7552083333,1243300.9333333333,13898.669791666667,1568747.2590277777,27.10325047801147,22.368271201360553,6.16,21.96,13.08,26.04,67.24000000000001,7.92,4.68,1.00,7.27,20.869999999999997,24.11,14.92,23.16,0.88,63.07,21.77,16.84,0.00,20.00,58.61,16.78,46.586
International Institute of Information Technology HyderabadMore DetailsClose ,1827,1884,159,1986,121,29248.73234811166,36366.54351395731,36318.86863711002,330254.79748221126,307789.75424192665,266828.5287356322,33978.04816639299,301624.3601532567,27.41691842900302,20.981325789502524,9.50,20.58,14.25,12.24,56.57,17.02,17.15,3.00,3.44,40.61,25.64,12.02,25.00,2.34,65.0,21.30,16.64,0.43,20.00,58.37,23.40,50.331
Jadavpur UniversityMore DetailsClose ,5648,5587,906,6554,452,17562.16271246459,43492.25478045326,22657.388279036826,331526.3011685552,318372.9100566572,275915.55630311614,27903.935257318226,308604.9225094429,30.0,21.256172328902316,17.35,29.25,18.97,11.32,76.88999999999999,27.98,29.01,6.00,2.91,65.9,33.67,15.00,15.95,12.06,76.68,6.54,18.03,8.24,20.00,52.81,35.84,67.038
Jamia Millia Islamia,1710,1752,326,2036,130,17596.53976608187,5958.712865497076,7645.144444444444,326344.0269005848,275404.6608187134,260829.95555555556,10400.132358674464,287526.2144249513,28.7328094302554,21.976373986173783,10.50,26.85,14.78,9.77,61.900000000000006,26.86,26.71,3.00,3.03,59.6,37.84,15.00,13.02,7.35,73.21,22.91,11.78,9.16,20.00,63.849999999999994,18.34,59.311
Jawaharlal Nehru Technological UniversityMore DetailsClose ,6696,6696,41,6737,386,6471.979091995221,24759.426971326164,23917.918906810035,393106.8272102748,369660.96132019116,336912.6986260454,18383.108323377142,366560.16238550376,25.782989461184503,21.783669449935143,14.00,23.83,12.47,15.62,65.92,10.31,10.74,4.00,2.57,27.62,24.04,12.47,10.09,3.12,49.71999999999999,2.48,26.45,6.24,20.00,55.17,12.30,44.753
Kalasalingam Academy of Research and EducationMore DetailsClose ,5880,5869,412,6292,426,18561.239455782314,15159.026700680271,10071.817006802721,237788.95306122449,214105.93418367347,172999.84965986395,14597.361054421768,208298.24563492063,30.0,21.517654860638416,16.47,30.00,17.59,10.07,74.13,13.85,17.78,4.00,0.60,36.230000000000004,34.88,15.00,10.62,8.00,68.5,17.53,30.00,7.80,20.00,75.33,13.46,55.687
Kalinga Institute of Industrial TechnologyMore DetailsClose ,13924,14411,1186,15110,1042,34211.09695489802,32202.567078425738,39237.04251651824,284006.7785837403,213243.84013214594,290123.2646509624,35216.90218328067,262457.9611222829,30.0,20.72540093952455,20.00,25.27,15.82,11.51,72.6,13.84,18.03,10.00,0.46,42.330000000000005,20.69,15.00,11.15,10.44,57.279999999999994,25.66,29.86,1.86,20.00,77.38,14.59,55.132000000000005
Koneru Lakshmaiah Education Foundation University (K L College of Engineering)More DetailsClose ,13566,13052,737,14303,928,9868.005307386113,4150.996756597376,8358.131578947368,157496.93837535015,106006.18362081675,119139.43432109687,7459.044547643618,127547.51877242124,29.196672026847516,21.671257563608943,17.43,30.00,17.20,6.30,70.92999999999999,19.90,19.87,6.00,0.37,46.13999999999999,24.27,15.00,11.36,7.29,57.919999999999995,10.15,25.80,0.48,20.00,56.43,13.46,53.694
Lovely Professional UniversityMore DetailsClose ,15265,15917,902,16167,1080,2729.7514575827054,3541.192073370455,8388.658106780216,103091.86446118572,80348.47566328202,172978.96514903373,4886.533879244459,118806.43509116715,30.0,21.90741976848983,18.00,23.53,12.72,5.39,59.64,14.69,21.73,13.00,0.10,49.52,20.21,15.00,11.19,2.79,49.19,24.43,19.08,0.00,20.00,63.51,25.39,51.476
M. S. Ramaiah Institute of TechnologyMore DetailsClose ,5028,4747,347,5375,394,13249.566825775657,13987.110978520286,11847.602824184567,185344.2301113763,166486.18953858392,167669.96479713602,13028.093542826835,173166.79481569875,30.0,21.45044700278715,13.75,28.34,15.27,8.43,65.78999999999999,7.60,9.35,5.00,0.35,22.3,33.30,15.00,11.65,1.98,61.92999999999999,8.74,25.19,1.73,20.00,55.66,15.97,45.976000000000006
Malaviya National Institute of TechnologyMore DetailsClose ,4248,3982,861,5109,257,7917.25588512241,22238.052966101695,15659.0920433145,310905.2170433145,278153.85004708095,277578.54919962335,15271.466964846202,288879.20543000626,22.63652378156195,21.746846956907895,15.25,23.51,15.72,11.22,65.7,21.18,23.22,5.00,1.86,51.26,29.41,15.00,1440,8.08,1492.49,12.94,19.12,7.50,20.00,59.56,11.70,340.71200000000005
Manipal Institute of TechnologyMore DetailsClose ,9392,9282,442,9834,676,8734.039821124361,7248.8145229982965,12101.30802810903,170107.99126916524,143011.8753194208,162386.996060477,9361.387457410563,158502.28754968767,30.0,21.66348303553332,16.34,27.77,13.86,7.77,65.74,14.76,18.76,2.00,0.13,35.650000000000006,21.84,15.00,13.34,3.83,54.010000000000005,19.03,21.71,151,20.00,211.74,21.78,64.571
Manipal University JaipurMore DetailsClose ,6378,5656,219,6597,496,3348.656632173095,1168.4247412982127,6957.717779868297,207141.73110693006,155598.39683286296,142785.34195672625,3824.933051113201,168508.48996550642,30.0,22.16707563302352,12.97,23.44,13.86,8.30,58.57000000000001,11.92,14.18,7.00,0.19,33.29,34.05,15.00,11.38,0.81,61.24,20.94,22.38,0.19,20.00,63.51,2.32,46.388999999999996
Maulana Azad National Institute of TechnologyMore DetailsClose ,5015,4625,306,5321,230,13919.726819541376,12380.819541375873,20427.628115653042,192999.12063808573,167010.12701894317,158246.3814556331,15576.058158856762,172751.87637088733,19.451230971621875,21.259393432704215,1545,1751,1192,9415,13903.0,1316,1585,300,075,3276.0,3166,1500,1530,383,6579.0,1252,1814,10.01,20.00,3096.01,6.26,6779.727
Motilal Nehru National Institute of TechnologyMore DetailsClose ,5298,5105,538,5836,272,18579.260098150244,26175.29161947905,22010.3973197433,310543.8338995848,287250.85050962627,292870.35334088333,22254.98301245753,296888.3459166981,20.973269362577106,21.453997420823523,16.01,16.61,11.34,13.18,57.14000000000001,16.27,18.20,4.00,1.90,40.37,36.73,15.00,16.84,9.00,77.57,12.93,12.04,9.82,20.00,54.79,16.51,51.897
National Institute of Technology,4619,4263,446,5065,265,10834.598614418705,19892.28447715956,17679.41610738255,201792.94046330373,188516.5702533016,180435.93375189434,16135.43306632027,190248.48148949989,23.543928923988155,21.32727538860911,14.08,19.33,12.80,9.39,55.599999999999994,17.92,19.40,2.50,0.54,40.36,28.07,15.00,14.59,6.69,64.35,11.92,15.48,8.41,20.00,55.81,4.51,47.69
National Institute of Technology AgartalaMore DetailsClose ,4117,3567,323,4440,222,56071.39421909157,10943.150352198203,24590.520767549187,192088.17099829973,179187.39761962593,178332.08112703424,30535.02177961299,183202.54991498665,22.5,20.35706685510282,12.40,19.51,12.49,9.97,54.370000000000005,11.28,14.18,2.50,0.25,28.21,28.53,13.32,12.96,4.57,59.38,12.25,18.70,8.66,20.00,59.61,6.26,43.237
National Institute of Technology CalicutMore DetailsClose ,4510,4553,663,5173,326,41942.369179600886,32175.28913525499,49514.21596452328,423479.1308203991,360031.64345898,318395.70088691794,41210.62475979305,367302.1583887657,28.35878600425285,20.986805317002535,16.00,27.30,1741,13.33,1797.6299999999999,17.11,17.44,5.00,1.27,40.82,37.17,15.00,16.24,10.21,78.62,15.32,22.89,9.76,20.00,67.97,33.06,577.3620000000001
National Institute of Technology DelhiMore DetailsClose ,878,848,58,936,70,15373.422551252848,10707.601366742596,11462.537585421413,420174.45444191346,405268.6776765376,404678.5649202734,12514.520501138952,410040.5656795748,30.0,22.055755418272724,6.79,30.00,17.95,13.72,68.46,13.96,13.61,1.50,0.77,29.84,29.74,15.00,16.62,2.22,63.58,18.88,22.52,11.01,20.00,72.41,19.60,51.407
National Institute of Technology DurgapurMore DetailsClose ,4060,3865,663,4723,283,28623.3421182266,36428.06108374384,22583.09088669951,371750.20812807884,349261.8165024631,347098.2608374384,29211.49802955665,356036.7618226601,26.96379419860258,21.362623102797567,14.42,22.14,14.27,13.11,63.94,18.64,19.06,2.00,1.62,41.32,35.84,15.00,13.99,9.38,74.21,14.54,13.10,8.16,20.00,55.8,19.10,53.91
National Institute of Technology GoaMore DetailsClose ,864,769,82,946,61,4148.087962962963,8547.891203703704,29530.908564814814,275911.31944444444,233634.67013888888,239078.35185185185,14075.62924382716,249541.44714506174,29.0169133192389,21.69908663903874,5.84,25.61,16.50,11.30,59.25,11.01,10.76,1.50,0.66,23.93,27.20,13.63,13.34,2.51,56.68,16.46,19.27,2.74,20.00,58.470000000000006,11.40,43.277
National Institute of Technology Karnataka,4118,5245,928,5046,330,170493.18916949976,112278.08766391453,49978.7676056338,634621.4451189898,574954.5706653715,566567.2994171928,110916.68147968268,592047.7717338514,29.429250891795483,20.13323705119147,1750,2217,1423,1890,7280.0,2314,2344,600,351,5609.0,3387,15.00,1687,1149,6238.0,1665,1632,9.99,20.00,3326.99,48.38,5451.8369999999995
National Institute of Technology KurukshetraMore DetailsClose ,5138,4988,395,5533,220,33963.25710393149,56710.65881666018,13293.467302452316,268762.94277929154,248663.87699493967,265304.39859867655,34655.79440768133,260910.4061243026,17.892644135188867,20.741216637154125,15.11,17.78,10.16,11.90,54.949999999999996,17.42,19.92,3.00,0.86,41.2,29.09,15.00,12.25,4.21,60.550000000000004,14.59,16.08,3.46,20.00,54.129999999999995,35.17,49.885
National Institute of Technology ManipurMore DetailsClose ,937,805,178,1115,75,5151.192102454643,26804.923159018144,72679.30416221985,228013.38954108857,207196.64674493062,251653.0416221985,34878.47314123088,228954.35930273926,30.0,20.517012923402664,715,29.66,15.94,10.31,770.91,8.09,10.73,1.00,0.79,20.61,23.78,13.75,12.94,2.90,53.37,10.62,20.47,10.14,20.00,61.23,3.79,254.63199999999995
National Institute of Technology MeghalayaMore DetailsClose ,818,519,196,1014,84,179743.6173594132,77046.2738386308,92094.29095354523,321969.8545232274,217496.43643031784,261265.5378973105,116294.7273838631,266910.6096169519,30.0,17.94781676473823,5.81,30.00,18.37,13.38,67.56,14.73,13.62,1.00,2.02,31.37,29.07,13.10,13.33,2.16,57.66,9.13,16.90,9.37,20.00,55.4,5.22,47.272999999999996
National Institute of Technology PatnaMore DetailsClose ,3353,3149,1167,4520,182,30869.94214136594,26645.828213540113,22464.954965702356,270612.03399940353,264792.9072472413,271253.2069788249,26660.241773536138,268886.0494084899,18.119469026548675,21.14690020299817,12.86,22.14,14.85,11.64,61.49,17.22,19.39,1.50,1.65,39.76,35.40,15.00,14.14,5.73,70.27,9.98,12.27,10.03,20.00,52.28,4.87,50.144000000000005
National Institute of Technology RourkelaMore DetailsClose ,4947,5441,835,5782,360,26342.721447341824,27288.76612088134,16353.564584596725,428206.5637760259,406818.3030119264,393207.36062259955,23328.35071760663,409410.74247018393,28.017986855759254,21.69137127596594,17.50,25.70,17.05,13.71,73.96000000000001,25.91,27.98,6.00,181,240.89,30.41,15.00,14.52,11.61,71.53999999999999,15.95,14.41,8.69,20.00,59.05,18.85,116.55300000000001
National Institute of Technology SilcharMore DetailsClose ,3841,3782,661,4502,227,37987.01327779224,31899.892475917728,28678.8406664931,292874.0575370997,276138.00182244205,257584.30877375684,32855.24880673436,275532.12271109957,22.689915593069745,20.90191662299468,13.34,21.04,14.23,12.25,60.86,22.65,23.74,7.00,1.19,54.58,33.26,15.00,14.72,6.79,69.77,14.00,15.33,4.02,20.00,53.349999999999994,11.40,55.061
National Institute of Technology SrinagarMore DetailsClose ,3475,3314,314,3789,234,24586.55107913669,30129.94705035971,7990.0633093525175,265137.6325179856,256868.55309352517,236085.28805755396,20902.187146282973,252697.15788968824,27.790973871733964,21.35404401405631,13.01,19.30,13.03,13.10,58.440000000000005,11.01,12.69,2.00,0.92,26.62,30.57,15.00,13.58,5.73,64.88,12.17,14.81,12.68,20.00,59.66,12.30,45.69
National Institute of Technology TiruchirappalliMore DetailsClose ,5036,5336,903,5939,377,60302.347299444,27277.63343923749,53430.268467037335,464750.90031771245,465364.8248610008,483108.26687847497,47003.416401906274,471074.66401906277,28.565415053039235,21.139102342535512,17.50,23.39,15.86,16.99,73.74,25.69,2748,6.00,2.28,2781.9700000000003,35.23,15.00,17.02,11.57,78.82,16.68,20.76,841,20.00,898.44,67.98,969.119
National Institute of Technology WarangalMore DetailsClose ,5131,5438,759,5890,347,39641.386474371466,30490.149873319042,21056.65250438511,375961.4751510427,372408.76710192946,363047.3769245761,30396.062950691874,370472.5397258494,26.511035653650254,21.362617473116813,16.50,24.79,16.34,14.95,72.58,20.81,2181,7.00,1.23,2210.04,32.81,15.00,17.42,9.18,74.41,15.94,16.52,4.73,20.00,57.19,34.99,708.886
Netaji Subhas University of Technology (NSUT)More DetailsClose ,6434,6297,269,6703,441,16502.64221324215,14605.999378302766,7046.627292508549,199852.18495492695,126263.91047559839,137201.896176562,12718.422961351156,154439.33053569577,29.606146501566464,21.358704783779967,16.21,28.53,15.35,8.87,68.96000000000001,9.14,12.42,1.50,0.39,23.450000000000003,34.73,15.00,18.80,7.03,75.56,5.24,18.66,2.36,20.00,46.26,22.25,49.68600000000001
Pandit Dwarka Prasad Mishra Indian Institute of Information Technology,1853,1687,204,2057,73,16414.77819751754,17558.372908796548,17547.510523475445,239728.6740420939,216000.67781975176,225673.9347004857,17173.55387659651,227134.42885411042,15.96985901798736,21.44557965208654,8.83,15.12,10.32,10.38,44.65,12.97,15.16,1.50,0.84,30.470000000000002,33.64,15.00,15.59,4.21,68.44,19.69,10.24,6.09,20.00,56.019999999999996,3.06,42.132000000000005
PSG College of TechnologyMore DetailsClose ,6356,5986,356,6712,459,12172.592825676526,10706.104468219006,16230.176211453745,153739.32803650096,167357.61485210824,154657.17432347388,13036.29116844976,158584.70573736102,30.0,21.360603474794726,14.71,28.01,13.97,7.81,64.5,10.31,13.18,6.00,0.49,29.98,26.07,14.52,11.25,3.06,54.900000000000006,1.04,24.05,2.12,20.00,47.21,53.86,49.431000000000004
R.V. College of EngineeringMore DetailsClose ,4948,5391,408,5356,377,8862.672190784155,8066.465642683913,10596.316289409862,162503.22433306387,149926.46827000807,149630.0125303153,9175.151374292644,154019.90171112906,30.0,21.65667008274846,14.00,27.15,14.87,7.54,63.559999999999995,7.09,6.62,3.00,0.34,17.05,26.46,15.00,14.69,1.02,57.17,22.62,2.29,20.00,14.03,58.94,14.03,42.914
Rajalakshmi Engineering CollegeMore DetailsClose ,7620,7506,278,7898,507,7733.756167979002,5570.082677165355,7670.509448818898,143250.1093175853,106932.26128608924,110601.32139107611,6991.449431321085,120261.23066491689,28.88706001519372,21.675877935219088,14.30,29.03,14.52,7.69,65.53999999999999,2.99,5.85,5.00,0.78,14.62,34.53,15.00,10.09,2.68,62.300000000000004,6.40,27.81,9.08,20.00,63.29,6.26,43.462999999999994
Rajiv Gandhi Institute of Petroleum TechnologyMore DetailsClose ,728,728,163,891,74,141335.34203296702,289118.5508241758,336410.0535714286,568904.4793956043,397296.81868131866,458350.5508241758,255621.31547619047,474850.61630036635,30.0,17.250900663879673,8.00,29.47,18.57,20.64,76.68,3.02,7,1,0.00,11.02,2.43,37.12,15.00,13.87,68.42,2.51,18.19,13.02,3.36,37.08,0.40,43.742
S.R.M. Institute of Science and TechnologyMore DetailsClose ,23303,19499,1873,25176,1512,25621.607689996996,21399.862077844053,20695.31841393812,263775.21941380936,205044.60970690468,200295.7448397202,22572.262727259724,223038.52465347812,27.025738798856054,21.121461441007337,17.55,23.15,13.16,9.93,63.79,24.14,29.73,6.00,0.31,60.18000000000001,32.83,1481,9.54,7.82,1531.1899999999998,18.31,22.49,0.80,20.00,61.599999999999994,22.01,351.79
Sardar Vallabhbhai National Institute of TechnologyMore DetailsClose ,4902,4104,870,5772,264,19151.09363525092,16043.166666666666,15381.360669114647,285978.6850265198,263491.4789881681,258303.12586699307,16858.54032367741,269257.76329389366,20.582120582120584,21.616170236865763,1405,1962,1322,1090,5779.0,1667,1818,500,109,4094.0,3108,1474,1382,637,6601.0,1244,1585,358,20.00,3207.0,10.17,4603.817
Sathyabama Institute of Science and TechnologyMore DetailsClose ,11220,10065,1038,12258,1015,22832.02156862745,20285.871122994653,25906.92237076649,124831.73449197861,118771.02183600713,116067.26479500892,23008.271687462864,119890.00704099823,30.0,20.084826924558296,1546,2528,1313,717,6104.0,1699,1853,800,052,4404.0,1911,1364,930,546,4751.0,1834,2613,228,20.00,4695.0,11.70,4573.27
Saveetha Institute of Medical and Technical SciencesMore DetailsClose ,5340,5433,244,5584,358,11507.71329588015,8773.739513108614,7976.126779026217,198820.50711610485,179397.3202247191,90039.50262172284,9419.193196004993,156085.77665418226,28.850286532951287,21.64632232453221,15.50,28.73,19.38,7.77,71.38,18.01,19.73,8.00,0.28,46.02,9.75,15.00,8.96,1.15,34.86,20.24,22.93,6.17,20.00,69.34,1.94,49.32000000000001
Shanmugha Arts Science Technology & Research AcademyMore DetailsClose ,8098,8081,518,8616,624,47154.308471227465,20547.67510496419,35432.77315386515,158937.5675475426,133712.99456655965,171089.72783403308,34378.25224335227,154580.09664937845,30.0,19.77096586802298,16.47,30.00,16.75,10.82,74.03999999999999,16.25,20.99,5.00,1.90,44.13999999999999,34.85,15.00,12.41,6.82,69.08000000000001,11.72,25.81,0.44,20.00,57.97,11.40,56.206999999999994
Siksha `O` AnusandhanMore DetailsClose ,8280,8193,869,9149,622,71498.73925120773,57177.84830917874,47961.2422705314,339794.4832125604,297177.8336956522,280070.37644927535,58879.276610305955,305680.89778582926,30.0,20.077384445194756,17.36,30.00,15.42,13.74,76.52,16.01,19.12,8.00,1.00,44.13,32.61,15.00,9.54,8.31,65.46,20.88,30.00,1.30,20.00,72.17999999999999,24.07,58.91199999999999
SR UniversityMore DetailsClose ,3846,3820,81,3927,264,13387.035361414457,12247.314092563702,10465.6874674987,116748.86011440458,106391.09568382736,100370.3112324493,12033.345640492287,107836.75567689374,30.0,20.9942017849016,10.93,30.00,17.52,6.87,65.32000000000001,4.86,7.90,3.00,0.04,15.8,26.78,15.00,9.82,0.38,51.980000000000004,6.63,29.67,6.36,20.00,62.660000000000004,10.79,42.077
Sri Krishna College of Engineering and TechnologyMore DetailsClose ,4776,4731,181,4957,364,15861.850083752093,11736.42567001675,10254.157244556114,211373.91917922947,179082.50230318258,222166.07181742042,12617.47766610832,204207.49776661085,30.0,21.62712009022986,1189,2788,1338,1052,6367.0,829,999,600,027,2455.0,3729,15.00,1107,074,4925.0,106,25.72,317,20.00,468.72,17.57,3680.229
Sri Sivasubramaniya Nadar College of EngineeringMore DetailsClose ,3660,3802,483,4143,273,9389.235519125683,6681.466393442623,6165.644262295082,295429.2778688525,275151.5680327869,303375.09234972676,7412.11539162113,291318.6460837887,29.65242577842143,22.127819611461508,1250,2832,1613,1073,6768.0,1875,1842,300,0.91,4017.91,3347,1500,1225,622,6694.0,389,2552,381,2000,5322.0,15.43,5108.316
Thapar Institute of Engineering and Technology (Deemed-to-be-university)More DetailsClose ,9625,9385,661,10286,673,13365.961246753246,12086.64935064935,11433.542857142857,277694.1003636364,254593.36342857144,253956.08903896104,12295.384484848484,262081.1842770563,29.442932140773866,21.82781881446746,17.16,26.57,15.41,11.81,70.95,21.75,30.02,9.00,0.69,61.459999999999994,31.32,15.00,15.00,9.28,70.6,17.31,24.97,0.79,20.00,63.07,10.79,61.229
University of HyderabadMore DetailsClose ,832,262,80,912,55,19180.0625,14087.688701923076,3598.9423076923076,292500.4747596154,297679.7283653846,321565.15504807694,12288.897836538463,303915.1193910256,27.138157894736842,21.91704261329667,289,2720,17.77,1150,4176.77,2358,2105,0.00,129,4592.0,2462,1123,1279,5.70,4869.7,553,1767,0.00,20.00,2340.0,7.27,3839.2980000000002
UPESMore DetailsClose ,5520,5838,286,5806,491,12931.802717391305,7289.753804347826,16045.714311594204,349981.2302536232,300238.25217391306,330679.83260869567,12089.090277777777,326966.4383454106,30.0,21.965172106459896,14.50,26.42,15.52,11.01,67.45,15.07,18.07,6.00,0.31,39.45,20.32,15.00,10.23,0.52,46.07,2131,21.36,0.07,20.00,2172.4300000000003,30.66,261.593
Vel Tech Rangarajan Dr. Sagunthala R & D Institute of Science and TechnologyMore DetailsClose ,9810,8796,406,10216,686,1434.379001019368,1398.7532110091743,5072.704791029561,82793.25310907238,56613.62018348624,79454.98532110092,2635.279001019368,72953.95287121984,30.0,21.977052696049316,13.10,28.55,13.72,4.12,59.489999999999995,12.56,15.02,7.00,0.20,34.78,16.54,12.19,9.08,0.52,38.33,20.33,19.31,6.27,20.00,65.91,8.91,43.429
Vellore Institute of TechnologyMore DetailsClose ,37232,40398,2152,39384,2947,4217.2968951439625,5655.224403738719,16437.879592823378,139889.03856897293,118395.30232058444,159955.96371400944,8770.133630568685,139413.4348678556,30.0,21.61223622300654,20.00,21.54,13.65,7.16,62.349999999999994,26.96,37.21,11.00,0.24,75.41,27.90,15.00,13.38,14.11,70.39,19.65,21.86,0.12,20.00,61.629999999999995,50.21,66.59
Vignan's Foundation for Science,8052,6474,555,8607,579,3490.7219324391453,2041.2427968206657,4269.482985593641,92536.38474913065,61108.925856929956,62690.52198211625,3267.1492382844845,72111.94419605896,30.0,21.849856354839908,13.85,30.00,15.20,4.16,63.209999999999994,841,10.44,8.00,0.33,859.7700000000001,20.87,14.71,10.14,2.95,48.67,8.91,26.36,5.86,20.00,61.129999999999995,7.93,293.53400000000005
Visvesvaraya National Institute of Technology,4325,3980,539,4864,294,24213.433988439305,49370.12901734104,51379.37063583815,311319.5431213873,288839.6991907514,296895.75468208094,41654.31121387283,299018.33233140653,27.199835526315788,20.665938239989476,14.04,22.45,15.13,13.51,65.13,17.12,17.29,10.00,2.62,47.029999999999994,35.07,15.00,15.58,7.12,72.77000000000001,12.63,17.29,3.48,20.00,53.4,14.88,55.03
Visvesvaraya Technological UniversityMore DetailsClose ,1062,865,206,1268,67,64736.633709981164,55490.0329566855,174006.51789077214,644036.0847457628,435447.49905838043,354799.81261770247,98077.72818581293,478094.4654739485,23.777602523659304,19.946655810578843,7,26.64,13.59,18.60,65.83000000000001,26.29,20.26,3.00,0.42,49.97,28.10,14.61,8.72,1.22,52.65,0.36,28.02,3.56,20.00,51.94,8.91,51.355000000000004
